title,image_url,link_url,link_type,platform_name
Torus Trooper,http://www.asahi-net.or.jp/~cs8k-cyu/windows/tt_1.gif,http://www.asahi-net.or.jp/~cs8k-cyu/windows/tt_e.html,detail,windows
Tumiki Fighters,http://www.asahi-net.or.jp/~cs8k-cyu/windows/tf_1.gif,http://www.asahi-net.or.jp/~cs8k-cyu/windows/tf_e.html,detail,windows
rRootage,http://www.asahi-net.or.jp/~cs8k-cyu/windows/rr_1.gif,http://www.asahi-net.or.jp/~cs8k-cyu/windows/rr_e.html,detail,windows
PARSEC47,http://www.asahi-net.or.jp/~cs8k-cyu/windows/p47_3.gif,http://www.asahi-net.or.jp/~cs8k-cyu/windows/p47_e.html,detail,windows
Noiz2sa,http://www.asahi-net.or.jp/~cs8k-cyu/windows/noiz2sa_1.gif,http://www.asahi-net.or.jp/~cs8k-cyu/windows/noiz2sa_e.html,detail,windows
Gunroar,http://www.asahi-net.or.jp/~cs8k-cyu/windows/gr_1l.gif,http://www.asahi-net.or.jp/~cs8k-cyu/windows/gr_e.html,detail,windows
Titanion,http://www.asahi-net.or.jp/~cs8k-cyu/windows/ttn_1.gif,http://www.asahi-net.or.jp/~cs8k-cyu/windows/ttn_e.html,detail,windows
Mu-cade,http://www.asahi-net.or.jp/~cs8k-cyu/windows/mcd_1.gif,http://www.asahi-net.or.jp/~cs8k-cyu/windows/mcd_e.html,detail,windows
A7Xpg,http://www.asahi-net.or.jp/~cs8k-cyu/windows/a7xpg_1.gif,http://www.asahi-net.or.jp/~cs8k-cyu/windows/a7xpg_e.html,detail,windows
Wok,http://www.asahi-net.or.jp/~cs8k-cyu/linux/wok_0.gif,http://www.asahi-net.or.jp/~cs8k-cyu/linux/wok_e.html,detail,windows
Suzuri,http://www.asahi-net.or.jp/~cs8k-cyu/free/szrview/szr_s2.gif,http://www.asahi-net.or.jp/~cs8k-cyu/free/suzuri.html,detail,windows
Masashikun Hi!,http://www.asahi-net.or.jp/~cs8k-cyu/free/masview/mas_kak_p.gif,http://www.asahi-net.or.jp/~cs8k-cyu/free/mas_e.html,detail,windows
Mazer Mayhem,http://www.asahi-net.or.jp/~cs8k-cyu/xna/mm/mm_0.gif,http://www.asahi-net.or.jp/~cs8k-cyu/xna/mm/index_e.html,detail,windows
GearToyGear,http://www.asahi-net.or.jp/~cs8k-cyu/xna/gtg/gtg_0_s.gif,http://www.asahi-net.or.jp/~cs8k-cyu/xna/gtg/index_e.html,detail,windows
S SHAKE,https://github.com/abagames/crisp-game-lib-games/raw/main/docs/sshake/screenshot.gif,https://abagames.github.io/crisp-game-lib-games/?sshake,play,browser
CAST N,https://github.com/abagames/crisp-game-lib-games/raw/main/docs/castn/screenshot.gif,https://abagames.github.io/crisp-game-lib-games/?castn,play,browser
SWINGBY,https://github.com/abagames/crisp-game-lib-games/raw/main/docs/swingby/screenshot.gif,https://abagames.github.io/crisp-game-lib-games/?swingby,play,browser
G TAIL,https://github.com/abagames/crisp-game-lib-games/raw/main/docs/gtail/screenshot.gif,https://abagames.github.io/crisp-game-lib-games/?gtail,play,browser
ROLL S,https://github.com/abagames/crisp-game-lib-games/raw/main/docs/rolls/screenshot.gif,https://abagames.github.io/crisp-game-lib-games/?rolls,play,browser
BREED C,https://github.com/abagames/crisp-game-lib-games/raw/main/docs/breedc/screenshot.gif,https://abagames.github.io/crisp-game-lib-games/?breedc,play,browser
ANT LION,https://github.com/abagames/crisp-game-lib-games/raw/main/docs/antlion/screenshot.gif,https://abagames.github.io/crisp-game-lib-games/?antlion,play,browser
KITE,https://github.com/abagames/crisp-game-lib-games/raw/main/docs/kite/screenshot.gif,https://abagames.github.io/crisp-game-lib-games/?kite,play,browser
IN TOW,https://github.com/abagames/crisp-game-lib-games/raw/main/docs/intow/screenshot.gif,https://abagames.github.io/crisp-game-lib-games/?intow,play,browser
SNAKY,https://github.com/abagames/crisp-game-lib-games/raw/main/docs/snaky/screenshot.gif,https://abagames.github.io/crisp-game-lib-games/?snaky,play,browser
WIPER,https://github.com/abagames/crisp-game-lib-games/raw/main/docs/wiper/screenshot.gif,https://abagames.github.io/crisp-game-lib-games/?wiper,play,browser
EMBATTLED,https://github.com/abagames/crisp-game-lib-games/raw/main/docs/embattled/screenshot.gif,https://abagames.github.io/crisp-game-lib-games/?embattled,play,browser
R RING,https://github.com/abagames/crisp-game-lib-games/raw/main/docs/rring/screenshot.gif,https://abagames.github.io/crisp-game-lib-games/?rring,play,browser
SCREEN,https://github.com/abagames/crisp-game-lib-games/raw/main/docs/screen/screenshot.gif,https://abagames.github.io/crisp-game-lib-games/?screen,play,browser
R WHEEL,https://github.com/abagames/crisp-game-lib-games/raw/main/docs/rwheel/screenshot.gif,https://abagames.github.io/crisp-game-lib-games/?rwheel,play,browser
ZOOM IO,https://github.com/abagames/crisp-game-lib-games/raw/main/docs/zoomio/screenshot.gif,https://abagames.github.io/crisp-game-lib-games/?zoomio,play,browser
NUMBER LINE,https://github.com/abagames/crisp-game-lib-games/raw/main/docs/numberline/screenshot.gif,https://abagames.github.io/crisp-game-lib-games/?numberline,play,browser
THUNDER,https://github.com/abagames/crisp-game-lib-games/raw/main/docs/thunder/screenshot.gif,https://abagames.github.io/crisp-game-lib-games/?thunder,play,browser
LINE B,https://github.com/abagames/crisp-game-lib-games/raw/main/docs/lineb/screenshot.gif,https://abagames.github.io/crisp-game-lib-games/?lineb,play,browser
CATAPULT,https://github.com/abagames/crisp-game-lib-games/raw/main/docs/catapult/screenshot.gif,https://abagames.github.io/crisp-game-lib-games/?catapult,play,browser
MAKE MAZE,https://github.com/abagames/crisp-game-lib-games/raw/main/docs/makemaze/screenshot.gif,https://abagames.github.io/crisp-game-lib-games/?makemaze,play,browser
SQUARE BAR,https://github.com/abagames/crisp-game-lib-games/raw/main/docs/squarebar/screenshot.gif,https://abagames.github.io/crisp-game-lib-games/?squarebar,play,browser
TEETER,https://github.com/abagames/crisp-game-lib-games/raw/main/docs/teeter/screenshot.gif,https://abagames.github.io/crisp-game-lib-games/?teeter,play,browser
REFLECTOR,https://github.com/abagames/crisp-game-lib-games/raw/main/docs/reflector/screenshot.gif,https://abagames.github.io/crisp-game-lib-games/?reflector,play,browser
LIFT UP,https://github.com/abagames/crisp-game-lib-games/raw/main/docs/liftup/screenshot.gif,https://abagames.github.io/crisp-game-lib-games/?liftup,play,browser
RPS,https://github.com/abagames/crisp-game-lib-games/raw/main/docs/rps/screenshot.gif,https://abagames.github.io/crisp-game-lib-games/?rps,play,browser
V BOMB,https://github.com/abagames/crisp-game-lib-games/raw/main/docs/vbomb/screenshot.gif,https://abagames.github.io/crisp-game-lib-games/?vbomb,play,browser
D PISTOLS,https://github.com/abagames/crisp-game-lib-games/raw/main/docs/dpistols/screenshot.gif,https://abagames.github.io/crisp-game-lib-games/?dpistols,play,browser
ORBIT MAN,https://github.com/abagames/crisp-game-lib-games/raw/main/docs/orbitman/screenshot.gif,https://abagames.github.io/crisp-game-lib-games/?orbitman,play,browser
NUMBER BALL,https://github.com/abagames/crisp-game-lib-games/raw/main/docs/numberball/screenshot.gif,https://abagames.github.io/crisp-game-lib-games/?numberball,play,browser
MIRROR FLOOR,https://github.com/abagames/crisp-game-lib-games/raw/main/docs/mirrorfloor/screenshot.gif,https://abagames.github.io/crisp-game-lib-games/?mirrorfloor,play,browser
CROSS LINE,https://github.com/abagames/crisp-game-lib-games/raw/main/docs/crossline/screenshot.gif,https://abagames.github.io/crisp-game-lib-games/?crossline,play,browser
SUB JUMP,https://github.com/abagames/crisp-game-lib-games/raw/main/docs/subjump/screenshot.gif,https://abagames.github.io/crisp-game-lib-games/?subjump,play,browser
LASER FORTRESS,https://github.com/abagames/crisp-game-lib-games/raw/main/docs/laserfortress/screenshot.gif,https://abagames.github.io/crisp-game-lib-games/?laserfortress,play,browser
RAID,https://github.com/abagames/crisp-game-lib-games/raw/main/docs/raid/screenshot.gif,https://abagames.github.io/crisp-game-lib-games/?raid,play,browser
TURBULENT,https://github.com/abagames/crisp-game-lib-games/raw/main/docs/turbulent/screenshot.gif,https://abagames.github.io/crisp-game-lib-games/?turbulent,play,browser
SCAFFOLD,https://github.com/abagames/crisp-game-lib-games/raw/main/docs/scaffold/screenshot.gif,https://abagames.github.io/crisp-game-lib-games/?scaffold,play,browser
REBIRTH,https://github.com/abagames/crisp-game-lib-games/raw/main/docs/rebirth/screenshot.gif,https://abagames.github.io/crisp-game-lib-games/?rebirth,play,browser
SCRAMBIRD,https://github.com/abagames/crisp-game-lib-games/raw/main/docs/scrambird/screenshot.gif,https://abagames.github.io/crisp-game-lib-games/?scrambird,play,browser
TILTED,https://github.com/abagames/crisp-game-lib-games/raw/main/docs/tilted/screenshot.gif,https://abagames.github.io/crisp-game-lib-games/?tilted,play,browser
AERIAL BAR,https://github.com/abagames/crisp-game-lib-games/raw/main/docs/aerialbar/screenshot.gif,https://abagames.github.io/crisp-game-lib-games/?aerialbar,play,browser
PIN CLIMB,https://github.com/abagames/crisp-game-lib-games/raw/main/docs/pinclimb/screenshot.gif,https://abagames.github.io/crisp-game-lib-games/?pinclimb,play,browser
PARKING,https://github.com/abagames/crisp-game-lib-games/raw/main/docs/parking/screenshot.gif,https://abagames.github.io/crisp-game-lib-games/?parking,play,browser
NOT TURN,https://github.com/abagames/crisp-game-lib-games/raw/main/docs/notturn/screenshot.gif,https://abagames.github.io/crisp-game-lib-games/?notturn,play,browser
BOMB UP,https://github.com/abagames/crisp-game-lib-games/raw/main/docs/bombup/screenshot.gif,https://abagames.github.io/crisp-game-lib-games/?bombup,play,browser
PIZZA ARROW,https://github.com/abagames/crisp-game-lib-games/raw/main/docs/pizzaarrow/screenshot.gif,https://abagames.github.io/crisp-game-lib-games/?pizzaarrow,play,browser
JUMP ON,https://github.com/abagames/crisp-game-lib-games/raw/main/docs/jumpon/screenshot.gif,https://abagames.github.io/crisp-game-lib-games/?jumpon,play,browser
SIGHT ON,https://github.com/abagames/crisp-game-lib-games/raw/main/docs/sighton/screenshot.gif,https://abagames.github.io/crisp-game-lib-games/?sighton,play,browser
SKY FLOOR,https://github.com/abagames/crisp-game-lib-games/raw/main/docs/skyfloor/screenshot.gif,https://abagames.github.io/crisp-game-lib-games/?skyfloor,play,browser
UP SHOT,https://github.com/abagames/crisp-game-lib-games/raw/main/docs/upshot/screenshot.gif,https://abagames.github.io/crisp-game-lib-games/?upshot,play,browser
BALANCE,https://github.com/abagames/crisp-game-lib-games/raw/main/docs/balance/screenshot.gif,https://abagames.github.io/crisp-game-lib-games/?balance,play,browser
HYPER LASER,https://github.com/abagames/crisp-game-lib-games/raw/main/docs/hyperlaser/screenshot.gif,https://abagames.github.io/crisp-game-lib-games/?hyperlaser,play,browser
VH WALLS,https://github.com/abagames/crisp-game-lib-games/raw/main/docs/vhwalls/screenshot.gif,https://abagames.github.io/crisp-game-lib-games/?vhwalls,play,browser
LIE DOWN,https://github.com/abagames/crisp-game-lib-games/raw/main/docs/liedown/screenshot.gif,https://abagames.github.io/crisp-game-lib-games/?liedown,play,browser
UP DOWN PRESS,https://github.com/abagames/crisp-game-lib-games/raw/main/docs/updownpress/screenshot.gif,https://abagames.github.io/crisp-game-lib-games/?updownpress,play,browser
LADDER DROP,https://github.com/abagames/crisp-game-lib-games/raw/main/docs/ladderdrop/screenshot.gif,https://abagames.github.io/crisp-game-lib-games/?ladderdrop,play,browser
DARK CAVE,https://github.com/abagames/crisp-game-lib-games/raw/main/docs/darkcave/screenshot.gif,https://abagames.github.io/crisp-game-lib-games/?darkcave,play,browser
S LANES,https://github.com/abagames/crisp-game-lib-games/raw/main/docs/slanes/screenshot.gif,https://abagames.github.io/crisp-game-lib-games/?slanes,play,browser
FUTURE WAKE,https://github.com/abagames/crisp-game-lib-games/raw/main/docs/futurewake/screenshot.gif,https://abagames.github.io/crisp-game-lib-games/?futurewake,play,browser
THRUST LR,https://github.com/abagames/crisp-game-lib-games/raw/main/docs/thrustlr/screenshot.gif,https://abagames.github.io/crisp-game-lib-games/?thrustlr,play,browser
PHOTON LINE,https://github.com/abagames/crisp-game-lib-games/raw/main/docs/photonline/screenshot.gif,https://abagames.github.io/crisp-game-lib-games/?photonline,play,browser
PAIRS DROP,https://github.com/abagames/crisp-game-lib-games/raw/main/docs/pairsdrop/screenshot.gif,https://abagames.github.io/crisp-game-lib-games/?pairsdrop,play,browser
THROW M,https://github.com/abagames/crisp-game-lib-games/raw/main/docs/throwm/screenshot.gif,https://abagames.github.io/crisp-game-lib-games/?throwm,play,browser
FROM TWO SIDES,https://github.com/abagames/crisp-game-lib-games/raw/main/docs/fromtwosides/screenshot.gif,https://abagames.github.io/crisp-game-lib-games/?fromtwosides,play,browser
FROOOOG,https://github.com/abagames/crisp-game-lib-games/raw/main/docs/froooog/screenshot.gif,https://abagames.github.io/crisp-game-lib-games/?froooog,play,browser
SMILY ANGRY,https://github.com/abagames/crisp-game-lib-games/raw/main/docs/smilyangry/screenshot.gif,https://abagames.github.io/crisp-game-lib-games/?smilyangry,play,browser
REGENE,https://github.com/abagames/crisp-game-lib-games/raw/main/docs/regene/screenshot.gif,https://abagames.github.io/crisp-game-lib-games/?regene,play,browser
C NODES,https://github.com/abagames/crisp-game-lib-games/raw/main/docs/cnodes/screenshot.gif,https://abagames.github.io/crisp-game-lib-games/?cnodes,play,browser
PUMP PRESS,https://github.com/abagames/crisp-game-lib-games/raw/main/docs/pumppress/screenshot.gif,https://abagames.github.io/crisp-game-lib-games/?pumppress,play,browser
TAPE J,https://github.com/abagames/crisp-game-lib-games/raw/main/docs/tapej/screenshot.gif,https://abagames.github.io/crisp-game-lib-games/?tapej,play,browser
B BLAST,https://github.com/abagames/crisp-game-lib-games/raw/main/docs/bblast/screenshot.gif,https://abagames.github.io/crisp-game-lib-games/?bblast,play,browser
B WALLS,https://github.com/abagames/crisp-game-lib-games/raw/main/docs/bwalls/screenshot.gif,https://abagames.github.io/crisp-game-lib-games/?bwalls,play,browser
P FIT,https://github.com/abagames/crisp-game-lib-games/raw/main/docs/pfit/screenshot.gif,https://abagames.github.io/crisp-game-lib-games/?pfit,play,browser
NS CLIMB,https://github.com/abagames/crisp-game-lib-games/raw/main/docs/nsclimb/screenshot.gif,https://abagames.github.io/crisp-game-lib-games/?nsclimb,play,browser
DESCENT S,https://github.com/abagames/crisp-game-lib-games/raw/main/docs/descents/screenshot.gif,https://abagames.github.io/crisp-game-lib-games/?descents,play,browser
TWO LANE,https://github.com/abagames/crisp-game-lib-games/raw/main/docs/twolane/screenshot.gif,https://abagames.github.io/crisp-game-lib-games/?twolane,play,browser
ZONE B,https://github.com/abagames/crisp-game-lib-games/raw/main/docs/zoneb/screenshot.gif,https://abagames.github.io/crisp-game-lib-games/?zoneb,play,browser
BAMBOO,https://github.com/abagames/crisp-game-lib-games/raw/main/docs/bamboo/screenshot.gif,https://abagames.github.io/crisp-game-lib-games/?bamboo,play,browser
UNCTRL,https://github.com/abagames/crisp-game-lib-games/raw/main/docs/unctrl/screenshot.gif,https://abagames.github.io/crisp-game-lib-games/?unctrl,play,browser
PILLARS 3D,https://github.com/abagames/crisp-game-lib-games/raw/main/docs/pillars3d/screenshot.gif,https://abagames.github.io/crisp-game-lib-games/?pillars3d,play,browser
CHARGE BEAM,https://github.com/abagames/crisp-game-lib-games/raw/main/docs/chargebeam/screenshot.gif,https://abagames.github.io/crisp-game-lib-games/?chargebeam,play,browser
INF RANGE,https://github.com/abagames/crisp-game-lib-games/raw/main/docs/infrange/screenshot.gif,https://abagames.github.io/crisp-game-lib-games/?infrange,play,browser
LIGHT DARK,https://github.com/abagames/crisp-game-lib-games/raw/main/docs/lightdark/screenshot.gif,https://abagames.github.io/crisp-game-lib-games/?lightdark,play,browser
HOPPING P,https://github.com/abagames/crisp-game-lib-games/raw/main/docs/hoppingp/screenshot.gif,https://abagames.github.io/crisp-game-lib-games/?hoppingp,play,browser
SNAKE 1,https://github.com/abagames/crisp-game-lib-games/raw/main/docs/snake1/screenshot.gif,https://abagames.github.io/crisp-game-lib-games/?snake1,play,browser
PRESS M,https://github.com/abagames/crisp-game-lib-games/raw/main/docs/pressm/screenshot.gif,https://abagames.github.io/crisp-game-lib-games/?pressm,play,browser
GRAVELER,https://github.com/abagames/crisp-game-lib-games/raw/main/docs/graveler/screenshot.gif,https://abagames.github.io/crisp-game-lib-games/?graveler,play,browser
TWIN P,https://github.com/abagames/crisp-game-lib-games/raw/main/docs/twinp/screenshot.gif,https://abagames.github.io/crisp-game-lib-games/?twinp,play,browser
TOTOGE,https://github.com/abagames/crisp-game-lib-games/raw/main/docs/totoge/screenshot.gif ,https://abagames.github.io/crisp-game-lib-games/?totoge,play,browser
HIT BLOW UP,https://github.com/abagames/crisp-game-lib-games/raw/main/docs/hitblowup/screenshot.gif,https://abagames.github.io/crisp-game-lib-games/?hitblowup,play,browser
SLASHES,https://github.com/abagames/crisp-game-lib-games/raw/main/docs/slashes/screenshot.gif,https://abagames.github.io/crisp-game-lib-games/?slashes,play,browser
CATE P,https://github.com/abagames/crisp-game-lib-games/raw/main/docs/catep/screenshot.gif,https://abagames.github.io/crisp-game-lib-games/?catep,play,browser
FLOORS 5,https://github.com/abagames/crisp-game-lib-games/raw/main/docs/floors5/screenshot.gif,https://abagames.github.io/crisp-game-lib-games/?floors5,play,browser
SHINY,https://github.com/abagames/crisp-game-lib-games/raw/main/docs/shiny/screenshot.gif,https://abagames.github.io/crisp-game-lib-games/?shiny,play,browser
CARD Q,https://github.com/abagames/crisp-game-lib-games/raw/main/docs/cardq/screenshot.gif,https://abagames.github.io/crisp-game-lib-games/?cardq,play,browser
GRENADIER,https://github.com/abagames/crisp-game-lib-games/raw/main/docs/grenadier/screenshot.gif,https://abagames.github.io/crisp-game-lib-games/?grenadier,play,browser
FIND A STAR,https://github.com/abagames/crisp-game-lib-games/raw/main/docs/findastar/screenshot.gif,https://abagames.github.io/crisp-game-lib-games/?findastar,play,browser
ROLLNROPE,https://github.com/abagames/crisp-game-lib-games/raw/main/docs/rollnrope/screenshot.gif,https://abagames.github.io/crisp-game-lib-games/?rollnrope,play,browser
DIVARR,https://github.com/abagames/crisp-game-lib-games/raw/main/docs/divarr/screenshot.gif,https://abagames.github.io/crisp-game-lib-games/?divarr,play,browser
EAROCK,https://github.com/abagames/crisp-game-lib-games/raw/main/docs/earock/screenshot.gif,https://abagames.github.io/crisp-game-lib-games/?earock,play,browser
SPEARAIN,https://github.com/abagames/crisp-game-lib-games/raw/main/docs/spearain/screenshot.gif,https://abagames.github.io/crisp-game-lib-games/?spearain ,play,browser
BAROLL,https://github.com/abagames/crisp-game-lib-games/raw/main/docs/baroll/screenshot.gif,https://abagames.github.io/crisp-game-lib-games/?baroll,play,browser
FORFOUR,https://github.com/abagames/crisp-game-lib-games/raw/main/docs/forfour/screenshot.gif,https://abagames.github.io/crisp-game-lib-games/?forfour,play,browser
SURVIVOR,https://github.com/abagames/crisp-game-lib-games/raw/main/docs/survivor/screenshot.gif,https://abagames.github.io/crisp-game-lib-games/?survivor,play,browser
CYWALL,https://github.com/abagames/crisp-game-lib-games/raw/main/docs/cywall/screenshot.gif,https://abagames.github.io/crisp-game-lib-games/?cywall,play,browser
LLAND,https://github.com/abagames/crisp-game-lib-games/raw/main/docs/lland/screenshot.gif,https://abagames.github.io/crisp-game-lib-games/?lland,play,browser
ARCFIRE,https://github.com/abagames/crisp-game-lib-games/raw/main/docs/arcfire/screenshot.gif,https://abagames.github.io/crisp-game-lib-games/?arcfire,play,browser
soniper ,https://github.com/abagames/soniper/raw/master/docs/screenshots/screenshot.gif,https://abagames.github.io/soniper/,play,browser
Consomation ,https://camo.githubusercontent.com/4f415ab424916a5bc95c3d88ba332506ab798c09663429b973b40fa5d0053de3/687474703a2f2f61626167616d65732e73616b7572612e6e652e6a702f31362f636f6e736f6d61746f6e2f73637265656e73686f742e676966,http://abagames.sakura.ne.jp/16/consomaton/,play,browser
rj-10,https://github.com/abagames/rj-10/raw/master/docs/screenshot.gif,https://abagames.github.io/rj-10/index.html,play,browser
XRD,https://github.com/abagames/moonrit/raw/master/docs/screenshots/xrd.gif,https://abagames.github.io/moonrit/xrd/,play,browser
JEX,https://github.com/abagames/moonrit/raw/master/docs/screenshots/jex.gif,https://abagames.github.io/moonrit/jex/,play,browser
SNAKE SHIFT,https://camo.githubusercontent.com/bed39a909eab8720ce0c1d2b5d08f86ec47aa93bc862ff7d30e8a786420721c1/687474703a2f2f61626167616d65732e73616b7572612e6e652e6a702f31382f736e616b652d73686966742f73637265656e73686f742e676966,https://snake-shift.glitch.me/,play,browser
SLICK SLACK,https://camo.githubusercontent.com/dbf68383bcc809a56edd58dd30b4949e4cb390a71f0c5eac8c57192befe1c23d/68747470733a2f2f61626167616d65732e6769746875622e696f2f736c69636b736c61636b2f73637265656e73686f742e676966,https://abagames.github.io/slickslack/index.html,play,browser
DARUMATRON,https://camo.githubusercontent.com/fe58bb2fbd92e747738a8bd2a041d17af87413a1c31583e3e3745ef0b50ac8c5/68747470733a2f2f61626167616d65732e6769746875622e696f2f646172756d6174726f6e2f73637265656e73686f742e676966,https://darumatron.glitch.me/,play,browser
TOBURIED,https://github.com/abagames/tobitaro/raw/master/docs/screenshots/toburied.gif,https://abagames.github.io/tobitaro/buried/index.html,play,browser
TOBITARO,https://github.com/abagames/tobitaro/raw/master/docs/screenshots/tobitaro.gif,https://abagames.github.io/tobitaro/taro/,play,browser
vader,https://camo.githubusercontent.com/4047f82accc3fc30d3802e40f7497d964528de288c15a1d6aed5ae6e838029fc/68747470733a2f2f61626167616d65732e6769746875622e696f2f706978656c2d6172742d67656e2f76616465722e676966,https://abagames.github.io/pixel-art-gen/index.html?vader,play,browser
SPIKE SIDE,https://camo.githubusercontent.com/5dbf1b9fe5d701296cf43ed4baec8ce63e2423e9cb2de19278f1e4ad22e56a60/68747470733a2f2f61626167616d65732e6769746875622e696f2f73696d706c652d67616d652d6163746f722f73637265656e73686f74732f7370696b652e676966,https://abagames.github.io/simple-game-actor/samples/spike/index.html,play,browser
DOCKING,https://camo.githubusercontent.com/63f8443bcb9ef2b732900ce5ea9954c7746c717adc912051d611d7c03dac0079/68747470733a2f2f61626167616d65732e6769746875622e696f2f73696d706c652d67616d652d6163746f722f73637265656e73686f74732f646f636b696e672e676966,https://abagames.github.io/simple-game-actor/samples/docking/index.html,play,browser
BOARD SURF,https://camo.githubusercontent.com/67282750425e838a4838700cd82cd2567ac2819d09f2dad98e088c818580058c/68747470733a2f2f61626167616d65732e6769746875622e696f2f73696d706c652d67616d652d6163746f722f73637265656e73686f74732f737572662e676966,https://abagames.github.io/simple-game-actor/samples/surf/index.html,play,browser
thread,https://camo.githubusercontent.com/d0208c53ada7cef8e7354f9d535e736539b10b59e2193bf3c078ecc0cd3b10f6/68747470733a2f2f61626167616d65732e6769746875622e696f2f706978656c2d706572666563742d636f6c6c696465722f7468726561642e676966,https://abagames.github.io/pixel-perfect-collider/index.html?thread,play,browser
REFREV,https://camo.githubusercontent.com/bced1665a188349943de7cdf9f1f42b8136e4d0720380dee58dafbcecd4d8beb/68747470733a2f2f61626167616d65732e6769746875622e696f2f6f6e652d627574746f6e2d666f722d616c6c2f7265667265762f73637265656e73686f742e676966,https://abagames.github.io/one-button-for-all/refrev/index.html,play,browser
INVORB,https://camo.githubusercontent.com/a6b56f48ba569f650a2f05bfb7a8e94722833f630c63eabe79c1bbf9fb702eed/68747470733a2f2f61626167616d65732e6769746875622e696f2f6f6e652d627574746f6e2d666f722d616c6c2f696e766f72622f73637265656e73686f742e676966,https://abagames.github.io/one-button-for-all/invorb/index.html,play,browser
ROPES,https://camo.githubusercontent.com/59089b6ed5c68c9d05ea4c02c2a2d3081cca2e20171436aef982899215e9c82f/68747470733a2f2f61626167616d65732e6769746875622e696f2f6f6e652d627574746f6e2d666f722d616c6c2f726f7065732f73637265656e73686f742e676966,https://abagames.github.io/one-button-for-all/ropes/index.html,play,browser
IMBALL,https://camo.githubusercontent.com/a01771be3c1271a6ddc4fd8ff313814de90a043831515f5e3750c4cb17563b1a/68747470733a2f2f61626167616d65732e6769746875622e696f2f6f6e652d627574746f6e2d666f722d616c6c2f696d62616c6c2f73637265656e73686f742e676966,https://abagames.github.io/one-button-for-all/imball/index.html,play,browser
SINE CIRCUS,https://github.com/abagames/petit-game-lib/raw/master/docs/screenshots/sinecircus.gif,https://abagames.github.io/petit-game-lib/sinecircus/,play,browser
MAZTIC,https://github.com/abagames/petit-game-lib/raw/master/docs/screenshots/maztic.gif,https://abagames.github.io/petit-game-lib/maztic/index.html,play,browser
SKI ZONE,https://github.com/abagames/petit-game-lib/raw/master/docs/screenshots/skizone.gif,https://abagames.github.io/petit-game-lib/skizone/,play,browser
PILEUP,https://github.com/abagames/crisp-game-lib-games/raw/main/docs/pileup/screenshot.gif,https://abagames.github.io/crisp-game-lib-games/?pileup,play,browser
FOOSAN,https://github.com/abagames/crisp-game-lib-games/raw/main/docs/foosan/screenshot.gif,https://abagames.github.io/crisp-game-lib-games/?foosan,play,browser
FLIPBOMB,https://github.com/abagames/crisp-game-lib-games/raw/main/docs/flipbomb/screenshot.gif,https://abagames.github.io/crisp-game-lib-games/?flipbomb,play,browser
SLALOM,https://github.com/abagames/crisp-game-lib-games/raw/main/docs/slalom/screenshot.gif,https://abagames.github.io/crisp-game-lib-games/?slalom,play,browser
DOSHIN,https://github.com/abagames/crisp-game-lib-games/raw/main/docs/doshin/screenshot.gif,https://abagames.github.io/crisp-game-lib-games/?doshin,play,browser
BOARDING,https://github.com/abagames/crisp-game-lib-games/raw/main/docs/boarding/screenshot.gif,https://abagames.github.io/crisp-game-lib-games/?boarding,play,browser
FLOATER,https://github.com/abagames/crisp-game-lib-games/raw/main/docs/floater/screenshot.gif,https://abagames.github.io/crisp-game-lib-games/?floater,play,browser
GOLFME,https://github.com/abagames/crisp-game-lib-games/raw/main/docs/golfme/screenshot.gif,https://abagames.github.io/crisp-game-lib-games/?golfme ,play,browser
ZARTAN,https://github.com/abagames/crisp-game-lib-games/raw/main/docs/zartan/screenshot.gif,https://abagames.github.io/crisp-game-lib-games/?zartan,play,browser
BALLOON,https://github.com/abagames/crisp-game-lib-games/raw/main/docs/balloon/screenshot.gif,https://abagames.github.io/crisp-game-lib-games/?balloon,play,browser
BOTTOP,https://github.com/abagames/crisp-game-lib-games/raw/main/docs/bottop/screenshot.gif,https://abagames.github.io/crisp-game-lib-games/?bottop,play,browser
TWHOLS,https://github.com/abagames/crisp-game-lib-games/raw/main/docs/twhols/screenshot.gif,https://abagames.github.io/crisp-game-lib-games/?twhols,play,browser
INTERSPACE,https://github.com/abagames/crisp-game-lib-games/raw/main/docs/interspace/screenshot.gif,https://abagames.github.io/crisp-game-lib-games/?interspace,play,browser
JUJUMP,https://github.com/abagames/crisp-game-lib-games/raw/main/docs/jujump/screenshot.gif,https://abagames.github.io/crisp-game-lib-games/?jujump,play,browser
MONJUM,https://github.com/abagames/crisp-game-lib-games/raw/main/docs/monjum/screenshot.gif,https://abagames.github.io/crisp-game-lib-games/?monjum ,play,browser
DIGI10,https://github.com/abagames/crisp-game-lib-games/raw/main/docs/digi10/screenshot.gif,https://abagames.github.io/crisp-game-lib-games/?digi10,play,browser
TARUTOBI,https://github.com/abagames/crisp-game-lib-games/raw/main/docs/tarutobi/screenshot.gif,https://abagames.github.io/crisp-game-lib-games/?tarutobi,play,browser
ROLFRG,https://github.com/abagames/crisp-game-lib-games/raw/main/docs/rolfrg/screenshot.gif,https://abagames.github.io/crisp-game-lib-games/?rolfrg,play,browser
GLOOP,https://github.com/abagames/crisp-game-lib-games/raw/main/docs/gloop/screenshot.gif,https://abagames.github.io/crisp-game-lib-games/?gloop,play,browser
COUNT,https://github.com/abagames/crisp-game-lib-games/raw/main/docs/count/screenshot.gif,https://abagames.github.io/crisp-game-lib-games/?count,play,browser
REFBALS,https://github.com/abagames/crisp-game-lib-games/raw/main/docs/refbals/screenshot.gif,https://abagames.github.io/crisp-game-lib-games/?refbals,play,browser
FIGURE OF EIGHT,http://www.asahi-net.or.jp/~cs8k-cyu/blog/images/foe_capture.gif,http://abagames.sakura.ne.jp/html5/foe/,play,browser
DOT CAR,http://www.asahi-net.or.jp/~cs8k-cyu/blog/images/dc_capture.gif,http://abagames.sakura.ne.jp/html5/dc/,play,browser
BUBBLE CONNECTION,http://www.asahi-net.or.jp/~cs8k-cyu/blog/images/bc_capture.gif,http://abagames.sakura.ne.jp/html5/bc/,play,browser
SIDE TO SIDE,http://www.asahi-net.or.jp/~cs8k-cyu/blog/images/sts_capture.gif,http://abagames.sakura.ne.jp/html5/sts/,play,browser
HAVE IT COMING,http://www.asahi-net.or.jp/~cs8k-cyu/blog/images/hic_capture.gif,http://abagames.sakura.ne.jp/html5/hic/,play,browser
GEMINI YOU DO,http://www.asahi-net.or.jp/~cs8k-cyu/blog/images/gyd_capture.gif,http://abagames.sakura.ne.jp/html5/gyd/,play,browser
GRAVITY PUSHPULL,http://www.asahi-net.or.jp/~cs8k-cyu/blog/images/gpp_capture.gif,http://abagames.sakura.ne.jp/html5/gpp/,play,browser
IN AND OUT,http://www.asahi-net.or.jp/~cs8k-cyu/blog/images/iao_capture.gif,http://abagames.sakura.ne.jp/html5/iao/,play,browser
POKER ASSORTMENT,http://www.asahi-net.or.jp/~cs8k-cyu/blog/images/pas_capture.gif,http://abagames.sakura.ne.jp/html5/pa/,play,browser
SPRINGING,http://www.asahi-net.or.jp/~cs8k-cyu/blog/images/spr_capture.gif,http://abagames.sakura.ne.jp/html5/spr/,play,browser
CAUGHT IN THE MIDDLE,http://www.asahi-net.or.jp/~cs8k-cyu/blog/images/citm_capture.gif,http://abagames.sakura.ne.jp/html5/citm/,play,browser
BOOMERANG DEFENSE,http://www.asahi-net.or.jp/~cs8k-cyu/blog/images/bd_2_capture.gif,http://abagames.sakura.ne.jp/html5/bd/,play,browser
CHARGE RUSH,http://www.asahi-net.or.jp/~cs8k-cyu/blog/images/cr_capture.gif,http://abagames.sakura.ne.jp/html5/cr/,play,browser
TOP EDGE SCROLL,http://www.asahi-net.or.jp/~cs8k-cyu/blog/images/tes_capture.gif,http://abagames.sakura.ne.jp/html5/tes/,play,browser
GRAVITY BOMB,http://www.asahi-net.or.jp/~cs8k-cyu/blog/images/gb_capture.gif,http://abagames.sakura.ne.jp/html5/gv/,play,browser
TRIPLE TRAPLE,http://www.asahi-net.or.jp/~cs8k-cyu/blog/images/tt_capture.gif,http://abagames.sakura.ne.jp/html5/tt/,play,browser
ROW LEFT RIGHT,http://www.asahi-net.or.jp/~cs8k-cyu/blog/images/rlr_capture.gif,http://abagames.sakura.ne.jp/html5/rlr/,play,browser
BOUNCE RISE,http://www.asahi-net.or.jp/~cs8k-cyu/blog/images/br_capture.gif,http://abagames.sakura.ne.jp/html5/br/,play,browser
PSEUDO COLLISION,http://www.asahi-net.or.jp/~cs8k-cyu/blog/images/pc_capture.gif,http://abagames.sakura.ne.jp/html5/pc/,play,browser
ITEMS FOR YOU AND ME,http://www.asahi-net.or.jp/~cs8k-cyu/blog/images/ifym_capture.gif,http://abagames.sakura.ne.jp/html5/ifym/,play,browser
REFLECRED,http://www.asahi-net.or.jp/~cs8k-cyu/blog/images/rr_capture.gif,http://abagames.sakura.ne.jp/html5/rr/,play,browser
CROSS CANNON,http://www.asahi-net.or.jp/~cs8k-cyu/blog/images/cc_capture.gif,http://abagames.sakura.ne.jp/html5/cc/,play,browser
springcar,https://raw.githubusercontent.com/abagames/jsgame256/master/docs/springcar.png,https://abagames.github.io/jsgame256/springcar.html,play,browser
snowdrop,https://raw.githubusercontent.com/abagames/jsgame256/master/docs/snowdrop.png,https://abagames.github.io/jsgame256/snowdrop.html,play,browser
fallingboot,https://raw.githubusercontent.com/abagames/jsgame256/master/docs/fallingboot.png,https://abagames.github.io/jsgame256/fallingboot.html,play,browser
lineart,https://raw.githubusercontent.com/abagames/jsgame256/master/docs/lineart.png,https://abagames.github.io/jsgame256/lineart.html,play,browser
inoutcar,https://raw.githubusercontent.com/abagames/jsgame256/master/docs/inoutcar.png,https://abagames.github.io/jsgame256/inoutcar.html,play,browser
boxpress,https://raw.githubusercontent.com/abagames/jsgame256/master/docs/boxpress.png,https://abagames.github.io/jsgame256/boxpress.html,play,browser
piyopoyon,https://raw.githubusercontent.com/abagames/jsgame256/master/docs/piyopoyon.png,https://abagames.github.io/jsgame256/piyopoyon.html,play,browser
sinebomb,https://raw.githubusercontent.com/abagames/jsgame256/master/docs/sinebomb.png,https://abagames.github.io/jsgame256/sinebomb.html,play,browser
sort-war,https://github.com/abagames/sort-war/raw/master/docs/screenshots/quick_insertion.gif,https://abagames.github.io/sort-war/,play,browser
folmura,https://github.com/abagames/folmura/raw/master/docs/screenshots/folmura.gif,https://abagames.github.io/folmura/index.html,play,browser
z80-repl,https://camo.githubusercontent.com/c47df47f0b7d856c75b7fb79ef240285663248bd11e5bf88737637e7db20a289/68747470733a2f2f61626167616d65732e6769746875622e696f2f7a38302d7265706c2f73637265656e73686f742e676966,https://abagames.github.io/z80-repl/index.html,play,browser
sarad,https://camo.githubusercontent.com/0ac4d2c6afded277e4cc74e39644faacf98ce5235f02138dec7125e642489c55/687474703a2f2f61626167616d65732e73616b7572612e6e652e6a702f31362f73617261642f73637265656e73686f7431312e676966,http://abagames.sakura.ne.jp/16/sarad/app/index.html,play,browser
ByteBeatBank,http://www.asahi-net.or.jp/~cs8k-cyu/blog/images/bytebeatbank.png,http://abagames.sakura.ne.jp/15/bbb/?v=1&d=NojeCIGNwLgRgDTgPawKxIGazgTgL4ITQwAMSqMuWsAzIcbOSrACw0wBM+AugsIzIU2HbkSixOwmAA5RDCUJZUOrXnzCLEyueGwx64ktsq79Ywc1Md6GwSfQc4rAkZzSzOBcY83e-e2kMPUk1O0UrWE94byZpahCDWKVKBPN1fg0eHiA,play,browser
Inf-regex-q,undefined,https://abagames.github.io/inf-regex-q/index.html,play,browser
FROM FOUR SIDES,http://www.asahi-net.or.jp/~cs8k-cyu/blog/images/ffs_capture.gif,http://abagames.sakura.ne.jp/flash/ffs/,detail,flash
MISSILE COMES BACK TO ME,http://www.asahi-net.or.jp/~cs8k-cyu/blog/images/mcbtm_capture.gif,http://abagames.sakura.ne.jp/flash/mcbtm/,detail,flash
SUM10,http://www.asahi-net.or.jp/~cs8k-cyu/blog/images/st_capture.gif,http://abagames.sakura.ne.jp/flash/st/,detail,flash
SCAFFOLD NOW,http://www.asahi-net.or.jp/~cs8k-cyu/blog/images/sn_capture.gif,http://abagames.sakura.ne.jp/flash/sn/,detail,flash
DONâ€™T SEE ME,http://www.asahi-net.or.jp/~cs8k-cyu/blog/images/dsm_capture.gif,http://abagames.sakura.ne.jp/flash/dsm/,detail,flash
LURE AWAY,http://www.asahi-net.or.jp/~cs8k-cyu/blog/images/la_capture.gif,http://abagames.sakura.ne.jp/flash/la/,detail,flash
ENVIRON,http://www.asahi-net.or.jp/~cs8k-cyu/blog/images/ev_capture.gif,http://abagames.sakura.ne.jp/flash/ev/,detail,flash
SATELLITE CATCH,http://www.asahi-net.or.jp/~cs8k-cyu/blog/images/sc_capture.gif,http://abagames.sakura.ne.jp/flash/sc/,detail,flash
CRISS CROSS BOMB,http://www.asahi-net.or.jp/~cs8k-cyu/blog/images/ccb_capture.gif,http://abagames.sakura.ne.jp/flash/ccb/,detail,flash
BADDALION,http://www.asahi-net.or.jp/~cs8k-cyu/blog/images/bd_capture.gif,http://abagames.sakura.ne.jp/flash/bd/,detail,flash
PROMINENT MOUNTAIN,http://www.asahi-net.or.jp/~cs8k-cyu/blog/images/pm_capture.gif,http://abagames.sakura.ne.jp/flash/pm/,detail,flash
DETERMINISTIC PANELS,http://www.asahi-net.or.jp/~cs8k-cyu/blog/images/dp_capture.gif,http://abagames.sakura.ne.jp/flash/dp/,detail,flash
DRUNK TILT,http://www.asahi-net.or.jp/~cs8k-cyu/blog/images/dt_capture.gif,http://abagames.sakura.ne.jp/flash/dt/,detail,flash
BALLOON BURROWER,http://www.asahi-net.or.jp/~cs8k-cyu/blog/images/bb_capture.gif,http://abagames.sakura.ne.jp/flash/bb/,detail,flash
SPEED BARRIER,http://www.asahi-net.or.jp/~cs8k-cyu/blog/images/sb_capture.gif,http://abagames.sakura.ne.jp/flash/sb/,detail,flash
OVER EXPLODE,http://www.asahi-net.or.jp/~cs8k-cyu/blog/images/oe_capture.gif,http://abagames.sakura.ne.jp/flash/oe/,detail,flash
COT OFF LINE AMEBA,http://www.asahi-net.or.jp/~cs8k-cyu/blog/images/cola_capture.gif,http://abagames.sakura.ne.jp/flash/cola/,detail,flash
REFLECTOR SATELLITES,http://www.asahi-net.or.jp/~cs8k-cyu/blog/images/rs_capture.gif,http://abagames.sakura.ne.jp/flash/rs/,detail,flash
POLE SLIP DOWN,http://www.asahi-net.or.jp/~cs8k-cyu/blog/images/psd_capture.gif,http://abagames.sakura.ne.jp/flash/psd/,detail,flash
LEFT RIGHT HAND RULE,http://www.asahi-net.or.jp/~cs8k-cyu/blog/images/lrh_capture.gif,http://abagames.sakura.ne.jp/flash/lrh/,detail,flash
POLAR NS,http://www.asahi-net.or.jp/~cs8k-cyu/blog/images/pns_capture.gif,http://abagames.sakura.ne.jp/flash/pns/,detail,flash
CALC +-*/,http://www.asahi-net.or.jp/~cs8k-cyu/blog/images/cp_capture.gif,http://abagames.sakura.ne.jp/flash/cp/,detail,flash
PINCER ATTACK,http://www.asahi-net.or.jp/~cs8k-cyu/blog/images/pa_capture.gif,http://abagames.sakura.ne.jp/flash/pa/,detail,flash
SIDE WALLS MULTI KICKS,http://www.asahi-net.or.jp/~cs8k-cyu/blog/images/swmk_capture.gif,http://abagames.sakura.ne.jp/flash/swmk/,detail,flash
EARTH DEFENSE STICKS,http://www.asahi-net.or.jp/~cs8k-cyu/blog/images/eds_capture.gif,http://abagames.sakura.ne.jp/flash/eds/,detail,flash
TYPHOON AVENUE,http://www.asahi-net.or.jp/~cs8k-cyu/blog/images/ta_capture.gif,http://abagames.sakura.ne.jp/flash/ta/,detail,flash
CIRCLE TRIANGLE CROSS,http://www.asahi-net.or.jp/~cs8k-cyu/blog/images/ctc_capture.gif,http://abagames.sakura.ne.jp/flash/ctc/,detail,flash
STRONG BUY STRONG SELL,http://www.asahi-net.or.jp/~cs8k-cyu/blog/images/sbss_capture.gif,http://abagames.sakura.ne.jp/flash/sbss/,detail,flash
L.A.2,undefined,http://www.asahi-net.or.jp/~cs8k-cyu/flash/la2/index.html,detail,flash
Least Best Room,undefined,http://www.asahi-net.or.jp/~cs8k-cyu/flash/lbr/index.htm,detail,flash
Dngn,undefined,http://www.asahi-net.or.jp/~cs8k-cyu/flash/dngn/index.html,detail,flash
LONG EDGE WINS,undefined,http://abagames.sakura.ne.jp/flash/lew/,detail,flash
SPACE SHIPS CONTACT ACCIDENTAL,undefined,http://abagames.sakura.ne.jp/flash/ssca/,detail,flash
SIDE SHOT BOOSTER,http://www.asahi-net.or.jp/~cs8k-cyu/blog/images/side-shot-booster.png,http://abagames.sakura.ne.jp/flash/ssb/,detail,flash
MAGNETIC ACTION,http://www.asahi-net.or.jp/~cs8k-cyu/blog/images/magnetic-action.png,http://abagames.sakura.ne.jp/flash/ma/,detail,flash
SIN CAR,https://cdn3.kongcdn.com/game_icons/0030/6810/SinCar.png,https://www.kongregate.com/games/abagames/sin-car,detail,flash
VISITAN,https://cdn2.kongcdn.com/game_icons/0033/7497/visitan.png,https://www.kongregate.com/games/abagames/visitan,detail,flash
YOU HAVE ONE SHOT,https://cdn3.kongcdn.com/game_icons/0050/8120/icon.png,https://www.kongregate.com/games/abagames/you-have-one-shot,detail,flash
REV GRAV,https://cdn3.kongcdn.com/game_icons/0050/8141/icon.png,https://www.kongregate.com/games/abagames/rev-grav,detail,flash
DANCE ON RADAR,undefined,http://wa.zozuar.org/code.php?c=wi2E,detail,flash
BallBlast,http://www.asahi-net.or.jp/~cs8k-cyu/img/ball_blast.jpg,http://wa.zozuar.org/code.php?c=euqw,detail,flash
ORBIT MAN,http://www.asahi-net.or.jp/~cs8k-cyu/img/orbit_man.jpg,http://wa.zozuar.org/code.php?c=xXOu,detail,flash
SKI GAME,undefined,http://wa.zozuar.org/code.php?c=dQaQ,detail,flash
CONNECTED NODES,http://www.asahi-net.or.jp/~cs8k-cyu/img/connected_nodes.jpg,http://wa.zozuar.org/code.php?c=bWox,detail,flash
PISTOL360,undefined,http://wa.zozuar.org/code.php?c=pIJT,detail,flash
DefeatMe,http://www.asahi-net.or.jp/~cs8k-cyu/img/defeat_me.jpg,http://wa.zozuar.org/code.php?c=9ykQ,detail,flash
FOOT STEP,http://www.asahi-net.or.jp/~cs8k-cyu/img/foot_step.jpg,http://wa.zozuar.org/code.php?c=m5kM,detail,flash
vault,http://www.asahi-net.or.jp/~cs8k-cyu/img/vault.jpg,http://wa.zozuar.org/code.php?c=c9cT,detail,flash
typingcommand,http://www.asahi-net.or.jp/~cs8k-cyu/img/typingcommand.jpg,http://wa.zozuar.org/code.php?c=j2kt,detail,flash
rgrid,http://www.asahi-net.or.jp/~cs8k-cyu/img/rgrid.jpg,http://wa.zozuar.org/code.php?c=v0kJ,detail,flash
carpieces,http://www.asahi-net.or.jp/~cs8k-cyu/img/carpieces.jpg,http://wa.zozuar.org/code.php?c=3A4Y,detail,flash
HOLE ESCAPE,http://www.asahi-net.or.jp/~cs8k-cyu/img/hole_escape.jpg,http://wa.zozuar.org/code.php?c=7riP,detail,flash
I'M FRONTLINE,http://www.asahi-net.or.jp/~cs8k-cyu/img/im_frontline.jpg,http://wa.zozuar.org/code.php?c=yCOI,detail,flash
BALLOON TARGET,http://www.asahi-net.or.jp/~cs8k-cyu/img/balloon_target.jpg,http://wa.zozuar.org/code.php?c=ock7,detail,flash
LaserShield,undefined,http://wa.zozuar.org/code.php?c=db8G,detail,flash
FRIENDLY FIRE,undefined,http://wa.zozuar.org/code.php?c=hjPh,detail,flash
SEA VS ISLAND,http://www.asahi-net.or.jp/~cs8k-cyu/img/sea_vs_island.jpg,http://wa.zozuar.org/code.php?c=aRX0,detail,flash
GROWN RACKETS,http://www.asahi-net.or.jp/~cs8k-cyu/img/grown_rackets.jpg,http://wa.zozuar.org/code.php?c=3IhI,detail,flash
undermine,http://www.asahi-net.or.jp/~cs8k-cyu/img/undermine.jpg,http://wa.zozuar.org/code.php?c=bv3w,detail,flash
PLANET MOON,http://www.asahi-net.or.jp/~cs8k-cyu/img/planet_moon.jpg,http://wa.zozuar.org/code.php?c=jntT,detail,flash
LASER GRAZE,http://www.asahi-net.or.jp/~cs8k-cyu/img/laser_graze.jpg,http://wa.zozuar.org/code.php?c=oIg8,detail,flash
CHARGE SEVEN,http://www.asahi-net.or.jp/~cs8k-cyu/img/charge_seven.jpg,http://wa.zozuar.org/code.php?c=faFsE,detail,flash
ocwalls,http://www.asahi-net.or.jp/~cs8k-cyu/img/ocwalls.jpg,http://wa.zozuar.org/code.php?c=tB4v,detail,flash
boxinbox,http://www.asahi-net.or.jp/~cs8k-cyu/img/boxinbox.jpg,http://wa.zozuar.org/code.php?c=2D7T,detail,flash
boxed,http://www.asahi-net.or.jp/~cs8k-cyu/img/boxed.jpg,http://wa.zozuar.org/code.php?c=cOX2,detail,flash
LeftRedRightBlue,undefined,http://wa.zozuar.org/code.php?c=gb4z,detail,flash
CAR GATE,undefined,http://wa.zozuar.org/code.php?c=lHQC,detail,flash
astball,undefined,http://wa.zozuar.org/code.php?c=5fyy,detail,flash
WallAll,undefined,http://wa.zozuar.org/code.php?c=3bzD,detail,flash
WASD THRUST,http://www.asahi-net.or.jp/~cs8k-cyu/img/wasd_thrust.jpg ,http://fl.corge.net/c/cUIn,detail,flash
TANK FIRES BLOCK,http://www.asahi-net.or.jp/~cs8k-cyu/img/tank_fires_block.jpg,http://fl.corge.net/c/dxL8,detail,flash
JUMP GAME,undefined,http://fl.corge.net/c/pgP7,detail,flash
DEFRAG MAN,http://www.asahi-net.or.jp/~cs8k-cyu/img/defrag_man.jpg,http://wa.zozuar.org/code.php?c=sFNv,detail,flash
SPIKE TUBES,http://www.asahi-net.or.jp/~cs8k-cyu/img/spike_tubes.jpg,http://wa.zozuar.org/code.php?c=zgsg,detail,flash
NO BULLET NO DEATH,http://www.asahi-net.or.jp/~cs8k-cyu/img/no_bullet_no_death.jpg,http://wa.zozuar.org/code.php?c=5EuJ,detail,flash
propagate,http://www.asahi-net.or.jp/~cs8k-cyu/img/propagate.jpg,http://wa.zozuar.org/code.php?c=9gkBH,detail,flash
commandmissile,http://www.asahi-net.or.jp/~cs8k-cyu/img/commandmissile.jpg,http://wa.zozuar.org/code.php?c=kqI2,detail,flash
beanball,http://www.asahi-net.or.jp/~cs8k-cyu/img/beanball.jpg,http://wa.zozuar.org/code.php?c=mgKj,detail,flash
CircleCycle,http://www.asahi-net.or.jp/~cs8k-cyu/img/circle_cycle.jpg,http://wa.zozuar.org/code.php?c=8MLE,detail,flash
ufast,http://www.asahi-net.or.jp/~cs8k-cyu/img/ufast.jpg,http://wa.zozuar.org/code.php?c=8Ylg,detail,flash
THRUST CAVE,http://www.asahi-net.or.jp/~cs8k-cyu/img/thrust_cave.jpg,http://wa.zozuar.org/code.php?c=9q2p,detail,flash
ULTRA SUPER REFLECTION GUIDE,http://www.asahi-net.or.jp/~cs8k-cyu/img/ultra_super_reflection_guide.jpg,http://wa.zozuar.org/code.php?c=lV2v,detail,flash
ON PIKE,undefined,http://wa.zozuar.org/code.php?c=9paU,detail,flash
FLY LIGHT,http://www.asahi-net.or.jp/~cs8k-cyu/img/fly_light.jpg,http://wa.zozuar.org/code.php?c=uaIq,detail,flash
SPLASH BUBBLE,http://www.asahi-net.or.jp/~cs8k-cyu/img/splash_bubble.jpg,http://wa.zozuar.org/code.php?c=9Vho,detail,flash
DEADLY BALLS BOUNCE,http://www.asahi-net.or.jp/~cs8k-cyu/img/deadly_balls_bounce.jpg,http://wa.zozuar.org/code.php?c=umZP,detail,flash
PUMP CIRCLE,http://www.asahi-net.or.jp/~cs8k-cyu/img/pump_circle.jpg,http://wa.zozuar.org/code.php?c=wFDl,detail,flash
CLOCK JUMP,http://www.asahi-net.or.jp/~cs8k-cyu/img/clock_jump.jpg,http://wa.zozuar.org/code.php?c=xFyZ,detail,flash
EXPAND BOXES,http://www.asahi-net.or.jp/~cs8k-cyu/img/expand_boxes.jpg,http://wa.zozuar.org/code.php?c=cimM,detail,flash
timebomb,http://www.asahi-net.or.jp/~cs8k-cyu/img/timebomb.jpg,http://wa.zozuar.org/code.php?c=tuh0C,detail,flash
SUPER SPEED SNAKE CHASES CURSOR,http://www.asahi-net.or.jp/~cs8k-cyu/img/super_speed_snake_chases_cursor.jpg,http://wa.zozuar.org/code.php?c=xUSx,detail,flash
p3j2,http://www.asahi-net.or.jp/~cs8k-cyu/img/p3j2.jpg,http://wa.zozuar.org/code.php?c=yzl9,detail,flash
SQUARE RAILS,http://www.asahi-net.or.jp/~cs8k-cyu/img/square_rails.jpg,http://wa.zozuar.org/code.php?c=5Vjk,detail,flash
TWIN ROCKETS,undefined,http://wa.zozuar.org/code.php?c=8tQu,detail,flash
AmidaDaMida,http://www.asahi-net.or.jp/~cs8k-cyu/img/amida_da_mida.jpg,http://wa.zozuar.org/code.php?c=k0GL,detail,flash
MIRROR MARBLE,http://www.asahi-net.or.jp/~cs8k-cyu/img/mirror_marble.jpg,http://wa.zozuar.org/code.php?c=kDtv,detail,flash
BLOCKS FLYING AT ME,http://www.asahi-net.or.jp/~cs8k-cyu/img/blocks_flying_at_me.jpg,http://wa.zozuar.org/code.php?c=n8WZ,detail,flash
LASER WINDER,http://www.asahi-net.or.jp/~cs8k-cyu/img/laser_winder.jpg,http://wa.zozuar.org/code.php?c=pYeI,detail,flash
TOWER TOP,undefined,http://wa.zozuar.org/code.php?c=riLl,detail,flash
LOCK ON TO ALL OF THEM,http://www.asahi-net.or.jp/~cs8k-cyu/img/lock_on_to_all_of_them.jpg,http://wa.zozuar.org/code.php?c=rqvL,detail,flash
ALPINE ZONE,undefined,http://wa.zozuar.org/code.php?c=sqWq,detail,flash
DUAL PISTOLS RG,http://www.asahi-net.or.jp/~cs8k-cyu/img/dual_pistols_rg.jpg,http://wa.zozuar.org/code.php?c=ilHX,detail,flash
SHEEP RUNNING,undefined,http://wa.zozuar.org/code.php?c=nony,detail,flash
exvert,http://www.asahi-net.or.jp/~cs8k-cyu/img/exvert.jpg,http://wa.zozuar.org/code.php?c=ouWk,detail,flash
RING WALK,http://www.asahi-net.or.jp/~cs8k-cyu/img/ring_walk.jpg,http://wa.zozuar.org/code.php?c=wRyA,detail,flash
formula,http://www.asahi-net.or.jp/~cs8k-cyu/img/formula.jpg,http://wa.zozuar.org/code.php?c=yztM,detail,flash
pwing,http://www.asahi-net.or.jp/~cs8k-cyu/img/pwing.jpg,http://wa.zozuar.org/code.php?c=zKJB,detail,flash
downward,http://www.asahi-net.or.jp/~cs8k-cyu/img/downward.jpg,http://wa.zozuar.org/code.php?c=bumo,detail,flash
bacrush,http://www.asahi-net.or.jp/~cs8k-cyu/img/bacrush.jpg,http://wa.zozuar.org/code.php?c=xzWl,detail,flash
TOSSED HUMANS SPLIT OVER,http://www.asahi-net.or.jp/~cs8k-cyu/img/tossed_humans_split_over.jpg,http://wa.zozuar.org/code.php?c=d8Rm,detail,flash
ProceduralAutomaton,http://www.asahi-net.or.jp/~cs8k-cyu/img/procedural_automaton.jpg,http://wa.zozuar.org/code.php?c=s8ma,detail,flash
dimcom,http://www.asahi-net.or.jp/~cs8k-cyu/img/dimcom.jpg,http://wa.zozuar.org/code.php?c=fmrf,detail,flash
ReflectLaser,http://www.asahi-net.or.jp/~cs8k-cyu/img/reflect_laser.jpg,http://wa.zozuar.org/code.php?c=kMc8,detail,flash
DIE IN EXTENDING,http://www.asahi-net.or.jp/~cs8k-cyu/img/die_in_extending.jpg,http://wa.zozuar.org/code.php?c=i2Cs,detail,flash
BulletML,http://www.asahi-net.or.jp/~cs8k-cyu/bulletml/bulletml1.gif,http://www.asahi-net.or.jp/~cs8k-cyu/bulletml/index_e.html,detail,misc
Bulletsmorph,http://www.asahi-net.or.jp/~cs8k-cyu/bulletml/bulletsmorph/bm1.gif,http://www.asahi-net.or.jp/~cs8k-cyu/bulletml/bulletsmorph/index_e.html,detail,misc
STGL,http://www.asahi-net.or.jp/~cs8k-cyu/blog/images/stgl-demo.png,https://github.com/abagames/stgldemo,detail,misc
PutiPati,http://www.asahi-net.or.jp/~cs8k-cyu/ww/putipati1.gif,http://www.asahi-net.or.jp/~cs8k-cyu/ww/putipati.html,detail,wonder_witch
Nametry,http://www.asahi-net.or.jp/~cs8k-cyu/ww/nametry1.gif,http://www.asahi-net.or.jp/~cs8k-cyu/ww/nametry.html,detail,wonder_witch
Noiz,http://www.asahi-net.or.jp/~cs8k-cyu/ww/noiz1.gif,http://www.asahi-net.or.jp/~cs8k-cyu/ww/noiz.html,detail,wonder_witch
Barrage Reactor,http://www.asahi-net.or.jp/~cs8k-cyu/piece/br_0.gif,http://www.asahi-net.or.jp/~cs8k-cyu/piece/br.html,detail,piece
fukuro,http://www.asahi-net.or.jp/~cs8k-cyu/piece/fukuro_0.gif,http://www.asahi-net.or.jp/~cs8k-cyu/piece/fukuro.html,detail,piece
Speed Barricade,http://www.asahi-net.or.jp/~cs8k-cyu/piece/sbrg_0.gif,http://www.asahi-net.or.jp/~cs8k-cyu/piece/sbrg.html,detail,piece
PingPongDash,http://www.asahi-net.or.jp/~cs8k-cyu/piece/ppdash_0.gif,undefined,detail,piece
Re: W32/Badtrance,http://www.asahi-net.or.jp/~cs8k-cyu/piece/re_pst_small.gif,http://www.asahi-net.or.jp/~cs8k-cyu/piece/re.html,detail,piece
OnCradleOn,undefined,http://www.asahi-net.or.jp/~cs8k-cyu/palm/oncrdon.html,detail,palm
Palm Adventure,http://www.asahi-net.or.jp/~cs8k-cyu/palm/pavg.gif,http://www.asahi-net.or.jp/~cs8k-cyu/palm/pavg.html,detail,palm
ATTT,http://www.asahi-net.or.jp/~cs8k-cyu/palm/attt.gif,http://www.asahi-net.or.jp/~cs8k-cyu/palm/attt.html,detail,palm
Machiko Make,http://www.asahi-net.or.jp/~cs8k-cyu/palm/mckm.gif,http://www.asahi-net.or.jp/~cs8k-cyu/palm/mckm.html,detail,palm
Noiz,http://www.asahi-net.or.jp/~cs8k-cyu/palm/noiz1.gif,http://www.asahi-net.or.jp/~cs8k-cyu/palm/noiz.html,detail,palm
Hetare Tokei,http://www.asahi-net.or.jp/~cs8k-cyu/palm/flptime1.gif,http://www.asahi-net.or.jp/~cs8k-cyu/palm/flptime.html,detail,palm
SOROBAN FREAKS,http://www.asahi-net.or.jp/~cs8k-cyu/palm/soroban1.gif,http://www.asahi-net.or.jp/~cs8k-cyu/palm/srbn.html,detail,palm
Saeki,http://www.asahi-net.or.jp/~cs8k-cyu/palm/saeki1.gif,http://www.asahi-net.or.jp/~cs8k-cyu/palm/saeki.html,detail,palm
HenyaG,http://www.asahi-net.or.jp/~cs8k-cyu/henyag/hg_gs6.gif,http://www.asahi-net.or.jp/~cs8k-cyu/henyag/index.html,detail,palm
Noiz2,http://www.asahi-net.or.jp/~cs8k-cyu/java/noiz2_s.gif,http://www.asahi-net.or.jp/~cs8k-cyu/java/noiz2.html,detail,java
Noiz,http://www.asahi-net.or.jp/~cs8k-cyu/palm/noiz_java1.gif,http://www.asahi-net.or.jp/~cs8k-cyu/palm/noiz_java.html,detail,java
Sensya,undefined,http://www.asahi-net.or.jp/~cs8k-cyu/java/Sensya/Sensya.html,detail,java
BONG,http://www.asahi-net.or.jp/~cs8k-cyu/java3d/bong1.gif,http://www.asahi-net.or.jp/~cs8k-cyu/java3d/bong.html,detail,java
Comraid,http://www.asahi-net.or.jp/~cs8k-cyu/java3d/comraid.gif,http://www.asahi-net.or.jp/~cs8k-cyu/java3d/comraid.html,detail,java
The River Meguro,http://www.asahi-net.or.jp/~cs8k-cyu/java3d/river.gif,http://www.asahi-net.or.jp/~cs8k-cyu/java3d/river.html,detail,java
Fangs Out,http://www.asahi-net.or.jp/~cs8k-cyu/java3d/fomw_title.gif,http://www.asahi-net.or.jp/~cs8k-cyu/java3d/fomw.html,detail,java
Fangs Out 2,http://www.asahi-net.or.jp/~cs8k-cyu/free/fo2view/ERG003.GIF,http://www.asahi-net.or.jp/~cs8k-cyu/free/fo2.html,detail,pc_98
The Kibasen,http://www.asahi-net.or.jp/~cs8k-cyu/free/kiview/kiba3.gif,http://www.asahi-net.or.jp/~cs8k-cyu/free/kiba.html,detail,pc_98
SPRINGING TREE,http://www.asahi-net.or.jp/~cs8k-cyu/img/springing_tree.png,undefined,detail,petitcom
BOUNCY BALLS,http://www.asahi-net.or.jp/~cs8k-cyu/img/bouncy_balls.png,undefined,detail,petitcom
ROBOT SWARM,http://www.asahi-net.or.jp/~cs8k-cyu/img/robot_swarm.png,undefined,detail,petitcom
pongpector,https://camo.githubusercontent.com/cb8088b603908903ff1a1d353cdb7b7a21c4a18ae68eb0fe26560d67c076dc4e/687474703a2f2f61626167616d65732e73616b7572612e6e652e6a702f31362f706f6e67706563746f722f73637265656e73686f742e676966,https://github.com/abagames/pongpector,detail,unity
PixelArtGen,https://camo.githubusercontent.com/2bca415292d48638ee9cbdb142d36394d252b7c10f67419f92fb8a652ec079a0/687474703a2f2f61626167616d65732e73616b7572612e6e652e6a702f31362f506978656c41727447656e2f73637265656e73686f742e676966,https://github.com/abagames/PixelArtGen,detail,unity
Urban Drivin',http://www.asahi-net.or.jp/~cs8k-cyu/i/urbandrivin1.gif,http://www.asahi-net.or.jp/~cs8k-cyu//i/index_pc.html,detail,i_appli
3d dokei,http://www.asahi-net.or.jp/~cs8k-cyu/i/cameraclock1.gif,http://www.asahi-net.or.jp/~cs8k-cyu//i/index_pc.html,detail,i_appli
Laser Command,http://www.asahi-net.or.jp/~cs8k-cyu/i/lc1.gif,http://www.asahi-net.or.jp/~cs8k-cyu//i/index_pc.html,detail,i_appli
Building Racer,http://www.asahi-net.or.jp/~cs8k-cyu/i/bld1.gif,http://www.asahi-net.or.jp/~cs8k-cyu//i/index_pc.html,detail,i_appli
Hetare Tokei,http://www.asahi-net.or.jp/~cs8k-cyu/i/flptime1.gif,http://www.asahi-net.or.jp/~cs8k-cyu//i/index_pc.html,detail,i_appli
Noiz2,http://www.asahi-net.or.jp/~cs8k-cyu/java/noiz2_cosmo_1.gif,http://www.asahi-net.or.jp/~cs8k-cyu/java/noiz2_cosmo.html,detail,pocket_cosmo
Waba nori Ruputer!,http://www.asahi-net.or.jp/~cs8k-cyu/waba_ruputer/waba_fil.gif,http://www.asahi-net.or.jp/~cs8k-cyu/waba_ruputer/,detail,ruputer
METEORITE,http://www.asahi-net.or.jp/~cs8k-cyu/zaurus/meteo1.gif,http://www.asahi-net.or.jp/~cs8k-cyu/zaurus/meteo.html,detail,zaurus
METEORITE,http://www.asahi-net.or.jp/~cs8k-cyu/img/meteorite.png,undefined,detail,pc_60
